,Rent
0,10000
1,20000
2,17000
3,10000
4,7500
5,7000
6,10000
7,5000
8,26000
9,10000
10,25000
11,5000
12,6500
13,5500
14,8500
15,40000
16,6000
17,10000
18,11000
19,6000
20,7900
21,9000
22,4000
23,6500
24,8000
25,7000
26,5300
27,6000
28,8500
29,12500
30,7500
31,15000
32,6000
33,5000
34,22000
35,15000
36,12500
37,7000
38,21000
39,10000
40,7200
41,12000
42,5000
43,8500
44,6000
45,10000
46,4600
47,12000
48,30000
49,15000
50,7500
51,7500
52,5000
53,15000
54,11000
55,7000
56,6000
57,6000
58,7000
59,8500
60,5000
61,30000
62,10000
63,30000
64,3500
65,8000
66,5000
67,7500
68,6500
69,7500
70,7500
71,16000
72,16000
73,6500
74,40000
75,12500
76,5500
77,5000
78,6500
79,8000
80,14500
81,8200
82,15000
83,20000
84,6700
85,10000
86,7000
87,22000
88,6500
89,8500
90,18000
91,12000
92,9000
93,6000
94,20000
95,5000
96,12000
97,10000
98,18000
99,15000
100,22000
101,35000
102,21000
103,25000
104,180000
105,6000
106,14000
107,8000
108,8000
109,6000
110,8000
111,6000
112,20000
113,12000
114,15000
115,14000
116,5000
117,7000
118,3900
119,14000
120,6300
121,13000
122,6800
123,8000
124,10000
125,18000
126,8000
127,8000
128,4700
129,4700
130,4500
131,6000
132,16000
133,4700
134,14000
135,9000
136,5000
137,17500
138,8500
139,15000
140,12500
141,13000
142,8000
143,8000
144,8000
145,7000
146,2200
147,8000
148,5500
149,20000
150,7000
151,3500
152,5000
153,20000
154,7000
155,10000
156,7000
157,12000
158,14500
159,6000
160,9500
161,10000
162,3500
163,9000
164,40000
165,16500
166,8000
167,12000
168,6500
169,40000
170,5000
171,9000
172,7000
173,18000
174,9000
175,5500
176,7500
177,4000
178,10500
179,15000
180,15000
181,50000
182,12000
183,11000
184,12000
185,8000
186,18000
187,8000
188,7000
189,6500
190,13000
191,9000
192,10000
193,12000
194,5000
195,6000
196,5200
197,15000
198,9000
199,24000
200,5500
201,10000
202,15000
203,4700
204,5000
205,5000
206,15000
207,5000
208,6000
209,18000
210,8000
211,13000
212,7500
213,12000
214,11000
215,6000
216,20000
217,7000
218,30000
219,7500
220,6500
221,3000
222,5200
223,25000
224,12500
225,8500
226,3500
227,7000
228,3000
229,14000
230,18000
231,3500
232,16000
233,35000
234,21000
235,4500
236,15000
237,4500
238,5500
239,8500
240,5000
241,8500
242,9000
243,7500
244,7000
245,15000
246,7000
247,10000
248,7000
249,3200
250,6000
251,12000
252,6000
253,10000
254,12000
255,8000
256,5300
257,5000
258,8500
259,22000
260,7000
261,25000
262,7000
263,15000
264,6000
265,8000
266,40000
267,6000
268,15000
269,6500
270,8000
271,5500
272,9000
273,6000
274,15000
275,30000
276,30000
277,5000
278,15000
279,6500
280,4500
281,7000
282,6500
283,17500
284,10000
285,1500
286,25000
287,12000
288,7500
289,7000
290,3500
291,10000
292,14000
293,15000
294,6500
295,10000
296,10500
297,10000
298,5000
299,9000
300,20000
301,35000
302,15000
303,20000
304,12000
305,8000
306,3000
307,20000
308,9000
309,13000
310,7000
311,9000
312,9000
313,10000
314,15000
315,7000
316,8000
317,8000
318,5000
319,14000
320,5000
321,5000
322,12000
323,3200
324,8500
325,16000
326,14000
327,8000
328,7000
329,8000
330,3000
331,3800
332,6500
333,20000
334,30000
335,8000
336,14000
337,7200
338,7000
339,7000
340,7500
341,8500
342,12000
343,8500
344,9500
345,7500
346,12000
347,20000
348,8500
349,20000
350,6000
351,5500
352,7000
353,7000
354,6500
355,10000
356,5200
357,13000
358,7000
359,12000
360,15000
361,5000
362,8000
363,8000
364,5000
365,10000
366,12000
367,8000
368,21000
369,5000
370,9000
371,8000
372,7000
373,35000
374,15000
375,6200
376,9900
377,7000
378,5000
379,6500
380,40000
381,40000
382,12000
383,6500
384,10000
385,15000
386,5000
387,7000
388,6000
389,15000
390,10000
391,22000
392,8500
393,35000
394,7000
395,8500
396,6000
397,35000
398,6000
399,8000
400,5000
401,6000
402,15000
403,9000
404,5000
405,8000
406,35000
407,5500
408,35000
409,11000
410,10000
411,6500
412,6000
413,36125
414,6800
415,8500
416,5000
417,6500
418,6500
419,4500
420,6000
421,10000
422,12000
423,12000
424,12000
425,9000
426,5000
427,6000
428,5500
429,5500
430,8500
431,5000
432,23000
433,5500
434,8500
435,22000
436,5500
437,7000
438,5000
439,5000
440,6500
441,8000
442,5500
443,6000
444,5500
445,10000
446,10000
447,10000
448,12000
449,5200
450,4000
451,30000
452,5146
453,12000
454,7000
455,8500
456,7000
457,9500
458,8000
459,15000
460,22500
461,12500
462,34000
463,14000
464,9500
465,7000
466,20000
467,6500
468,7500
469,6500
470,9500
471,1800
472,7500
473,10000
474,15000
475,7000
476,6000
477,14000
478,22000
479,18000
480,10000
481,6000
482,10000
483,10000
484,5000
485,10000
486,7000
487,10000
488,6000
489,18000
490,8000
491,8000
492,13000
493,20000
494,6000
495,12000
496,10000
497,14000
498,10000
499,10500
500,6000
501,12000
502,14000
503,3700
504,40000
505,25000
506,2200
507,3300
508,5000
509,60000
510,6000
511,7000
512,5000
513,11000
514,10000
515,22000
516,65000
517,7500
518,45000
519,5000
520,12000
521,25000
522,18000
523,25000
524,25000
525,70000
526,45000
527,75000
528,14000
529,60000
530,160000
531,300000
532,22000
533,130000
534,33000
535,32000
536,30000
537,49000
538,28000
539,33500
540,85000
541,35000
542,270000
543,400000
544,21000
545,150000
546,22000
547,100000
548,60000
549,8000
550,20000
551,20000
552,25000
553,14000
554,19411
555,23000
556,190000
557,32000
558,68000
559,30000
560,110000
561,44000
562,20000
563,25000
564,40000
565,43000
566,44000
567,75000
568,32000
569,16000
570,65000
571,45000
572,57000
573,27000
574,57000
575,55000
576,40000
577,95000
578,85000
579,300000
580,80000
581,13000
582,28000
583,89000
584,28000
585,13000
586,24000
587,38000
588,32000
589,350000
590,40000
591,150000
592,45000
593,170000
594,30000
595,210000
596,75000
597,47000
598,14000
599,55000
600,120000
601,300000
602,70000
603,150000
604,62000
605,42000
606,130000
607,170000
608,20000
609,41000
610,65000
611,50000
612,85000
613,50000
614,30000
615,120000
616,60000
617,110000
618,84500
619,80000
620,50000
621,40000
622,34000
623,220000
624,25000
625,150000
626,85000
627,180000
628,40000
629,50000
630,38000
631,310000
632,50000
633,65000
634,210000
635,150000
636,32000
637,26000
638,60000
639,190000
640,100000
641,35000
642,68000
643,150000
644,18000
645,55000
646,65000
647,80000
648,53000
649,80000
650,18000
651,250000
652,17500
653,43000
654,13500
655,18000
656,75000
657,18000
658,160000
659,32000
660,55000
661,47000
662,35000
663,15000
664,50000
665,25500
666,350000
667,55000
668,25000
669,50000
670,65000
671,50000
672,65000
673,160000
674,25000
675,32000
676,21000
677,20000
678,55000
679,32000
680,150000
681,30000
682,150000
683,27000
684,47000
685,150000
686,27000
687,160000
688,100000
689,45002
690,48000
691,18000
692,7500
693,50000
694,55000
695,26000
696,17000
697,40000
698,43000
699,140000
700,140000
701,120000
702,400000
703,21000
704,40000
705,40000
706,230000
707,20000
708,60000
709,35000
710,300000
711,6500
712,15000
713,38000
714,35000
715,32000
716,16000
717,33000
718,8500
719,60000
720,20000
721,38000
722,100000
723,65000
724,80000
725,85000
726,600000
727,150000
728,130000
729,55000
730,23000
731,95000
732,40000
733,180000
734,25000
735,140000
736,55000
737,46000
738,22000
739,55100
740,65000
741,33000
742,320000
743,33000
744,25000
745,300000
746,100000
747,33000
748,35000
749,130000
750,80000
751,10000
752,92500
753,57000
754,170000
755,29999
756,42000
757,330000
758,24000
759,35000
760,14000
761,45000
762,36000
763,53500
764,80000
765,7500
766,140000
767,95000
768,130000
769,45000
770,110000
771,120000
772,60000
773,120000
774,40000
775,50000
776,36000
777,150000
778,230000
779,25000
780,190000
781,61000
782,70000
783,42000
784,27000
785,60000
786,85000
787,75000
788,200000
789,170000
790,180000
791,55000
792,600000
793,18000
794,19000
795,150000
796,18500
797,35000
798,200000
799,150000
800,70000
801,35000
802,45000
803,30000
804,50000
805,50000
806,42000
807,19500
808,90000
809,60000
810,55000
811,40000
812,40000
813,36000
814,45000
815,100000
816,42000
817,45000
818,40000
819,50000
820,11000
821,50000
822,34000
823,93000
824,69999
825,48000
826,55000
827,1000000
828,40000
829,130000
830,75000
831,23000
832,200000
833,55000
834,80000
835,220000
836,40000
837,35000
838,33003
839,450000
840,65000
841,45000
842,280000
843,55000
844,56000
845,55000
846,28000
847,150000
848,300000
849,50000
850,180000
851,190000
852,8000
853,75000
854,83000
855,32000
856,39000
857,150000
858,190000
859,160000
860,25000
861,90000
862,95000
863,30000
864,18500
865,18000
866,75000
867,150000
868,100000
869,170000
870,45000
871,200000
872,20000
873,85000
874,130000
875,40000
876,250000
877,15000
878,40000
879,48000
880,15000
881,28000
882,25000
883,34000
884,75000
885,45000
886,35000
887,32000
888,17000
889,230000
890,35000
891,8500
892,80000
893,55000
894,25000
895,40000
896,15500
897,45000
898,180000
899,51000
900,60000
901,36000
902,180000
903,75000
904,8000
905,50000
906,100000
907,16500
908,4500
909,34000
910,32000
911,50000
912,24000
913,62000
914,100000
915,21000
916,27000
917,10000
918,90000
919,8000
920,75000
921,230000
922,15000
923,260000
924,62000
925,43500
926,62000
927,400000
928,77500
929,30000
930,110000
931,20000
932,150000
933,55000
934,70000
935,65000
936,310000
937,18000
938,48000
939,10000
940,32000
941,32000
942,36000
943,22000
944,5500
945,15000
946,40000
947,28000
948,11000
949,40000
950,45000
951,180000
952,160000
953,36000
954,59000
955,40000
956,40000
957,72000
958,40000
959,16000
960,50000
961,24000
962,65000
963,33000
964,27000
965,52000
966,95000
967,68000
968,48000
969,32000
970,42000
971,60000
972,51500
973,130000
974,25000
975,85000
976,98000
977,100000
978,65000
979,23000
980,40000
981,45000
982,40000
983,23500
984,250000
985,110000
986,150000
987,22000
988,150000
989,75000
990,41000
991,150000
992,150000
993,53000
994,140000
995,200000
996,65000
997,48000
998,75000
999,39000
1000,70000
1001,1200000
1002,25000
1003,45000
1004,190000
1005,140000
1006,35000
1007,60000
1008,15000
1009,39000
1010,190000
1011,84000
1012,68000
1013,26000
1014,42000
1015,35000
1016,44000
1017,60000
1018,45000
1019,250000
1020,65000
1021,20000
1022,75000
1023,500000
1024,140000
1025,45000
1026,9400
1027,100000
1028,65000
1029,230000
1030,180000
1031,180000
1032,120000
1033,20000
1034,130000
1035,400000
1036,75000
1037,350000
1038,100000
1039,55000
1040,70000
1041,30000
1042,330000
1043,75000
1044,14000
1045,130000
1046,40000
1047,46000
1048,27000
1049,95000
1050,94000
1051,40000
1052,150000
1053,30000
1054,95000
1055,130000
1056,14000
1057,100000
1058,35000
1059,57000
1060,45000
1061,11000
1062,50000
1063,35000
1064,100000
1065,130000
1066,52000
1067,28000
1068,18000
1069,30000
1070,45000
1071,130000
1072,58000
1073,65000
1074,24000
1075,54500
1076,70000
1077,67000
1078,75000
1079,45000
1080,98000
1081,16000
1082,95000
1083,40000
1084,300000
1085,80000
1086,380000
1087,160000
1088,44000
1089,200000
1090,65000
1091,50000
1092,6000
1093,280000
1094,46000
1095,35000
1096,75000
1097,20000
1098,25000
1099,110000
1100,29500
1101,53000
1102,85000
1103,26000
1104,33000
1105,180000
1106,70000
1107,17000
1108,37000
1109,27000
1110,35500
1111,24000
1112,250000
1113,180000
1114,18500
1115,200000
1116,70000
1117,55000
1118,24000
1119,55000
1120,150000
1121,50000
1122,300000
1123,90100
1124,57000
1125,40000
1126,80000
1127,95000
1128,14000
1129,50000
1130,43000
1131,55000
1132,35000
1133,33000
1134,47000
1135,75000
1136,45000
1137,36000
1138,40000
1139,40000
1140,32000
1141,17000
1142,77000
1143,290000
1144,35000
1145,40000
1146,250000
1147,47000
1148,50000
1149,32000
1150,8000
1151,240000
1152,85000
1153,65000
1154,75000
1155,26500
1156,45000
1157,95000
1158,38000
1159,260000
1160,300000
1161,180000
1162,40000
1163,300000
1164,85000
1165,110000
1166,40000
1167,45000
1168,52000
1169,90000
1170,140000
1171,150000
1172,65000
1173,50000
1174,54000
1175,180000
1176,60000
1177,65000
1178,35000
1179,43000
1180,20000
1181,57000
1182,130000
1183,25000
1184,56000
1185,55000
1186,18000
1187,100000
1188,76000
1189,270000
1190,45000
1191,39000
1192,12500
1193,35000
1194,55000
1195,90000
1196,250000
1197,25000
1198,90000
1199,120000
1200,55000
1201,70000
1202,300000
1203,25000
1204,35000
1205,120000
1206,27000
1207,25000
1208,150000
1209,32000
1210,40000
1211,52000
1212,80000
1213,55000
1214,30000
1215,20000
1216,85000
1217,40000
1218,21000
1219,43000
1220,58000
1221,130000
1222,260000
1223,46000
1224,6500
1225,21000
1226,46000
1227,60000
1228,65000
1229,15000
1230,130000
1231,90000
1232,62000
1233,160000
1234,80000
1235,80000
1236,55000
1237,100000
1238,200000
1239,100000
1240,79500
1241,84500
1242,100000
1243,13000
1244,100000
1245,35000
1246,72000
1247,180000
1248,26000
1249,72000
1250,8000
1251,130000
1252,52000
1253,13000
1254,45000
1255,180000
1256,63000
1257,7500
1258,30000
1259,28500
1260,100000
1261,270000
1262,38000
1263,26000
1264,70000
1265,41000
1266,27000
1267,53000
1268,65000
1269,85000
1270,6000
1271,43000
1272,65000
1273,280000
1274,98000
1275,330000
1276,65000
1277,85000
1278,40000
1279,23000
1280,55000
1281,15000
1282,52000
1283,13000
1284,95000
1285,25000
1286,21000
1287,360000
1288,60000
1289,19000
1290,140000
1291,30000
1292,130000
1293,80000
1294,85000
1295,65000
1296,33000
1297,36000
1298,22000
1299,17000
1300,55000
1301,66000
1302,140000
1303,260000
1304,32000
1305,45000
1306,50000
1307,18500
1308,51000
1309,140000
1310,80000
1311,30000
1312,85000
1313,15000
1314,50000
1315,60000
1316,23000
1317,14500
1318,40000
1319,650000
1320,80000
1321,55000
1322,12000
1323,45000
1324,90000
1325,43000
1326,22000
1327,20000
1328,26000
1329,850000
1330,34999
1331,35000
1332,50000
1333,16000
1334,55000
1335,39000
1336,100000
1337,25000
1338,25000
1339,49500
1340,21000
1341,110000
1342,21000
1343,46700
1344,400000
1345,280000
1346,18000
1347,80000
1348,88000
1349,90000
1350,38000
1351,20000
1352,140000
1353,78000
1354,21000
1355,95000
1356,90000
1357,34000
1358,55000
1359,52000
1360,74999
1361,75000
1362,45000
1363,22000
1364,32000
1365,34000
1366,170000
1367,23000
1368,20000
1369,350000
1370,90000
1371,55000
1372,15000
1373,22000
1374,60000
1375,49000
1376,34000
1377,24000
1378,270000
1379,69000
1380,120000
1381,32000
1382,24000
1383,100000
1384,600000
1385,45000
1386,80000
1387,37000
1388,210000
1389,190000
1390,25000
1391,210000
1392,200000
1393,310000
1394,26000
1395,27000
1396,26000
1397,60000
1398,12000
1399,180000
1400,30000
1401,100000
1402,140000
1403,70000
1404,20000
1405,22000
1406,32000
1407,20000
1408,50000
1409,29000
1410,45000
1411,6500
1412,55000
1413,69999
1414,18500
1415,50000
1416,45000
1417,85000
1418,85000
1419,25000
1420,75000
1421,190000
1422,20000
1423,30000
1424,75000
1425,350000
1426,70000
1427,32000
1428,22000
1429,35000
1430,47000
1431,400000
1432,31000
1433,60000
1434,58000
1435,85000
1436,45000
1437,7500
1438,250000
1439,150000
1440,80000
1441,75000
1442,66000
1443,45000
1444,22000
1445,65000
1446,55000
1447,55000
1448,36000
1449,230000
1450,22000
1451,170000
1452,34000
1453,45000
1454,14000
1455,75000
1456,7000
1457,55000
1458,55000
1459,700000
1460,140000
1461,42000
1462,27000
1463,60000
1464,17000
1465,30000
1466,45000
1467,90000
1468,25000
1469,70000
1470,90000
1471,110000
1472,20000
1473,35000
1474,80000
1475,54500
1476,350000
1477,45000
1478,38000
1479,90000
1480,22000
1481,70000
1482,380000
1483,50000
1484,680000
1485,140000
1486,40000
1487,32000
1488,78000
1489,280000
1490,45000
1491,65000
1492,65000
1493,35000
1494,90000
1495,250000
1496,70000
1497,10500
1498,13000
1499,17000
1500,21000
1501,10000
1502,61500
1503,13000
1504,7500
1505,17000
1506,25000
1507,10500
1508,8000
1509,9500
1510,50000
1511,13000
1512,13500
1513,13000
1514,15000
1515,15000
1516,7000
1517,25000
1518,17000
1519,7500
1520,15000
1521,7500
1522,25000
1523,54000
1524,14500
1525,4500
1526,10500
1527,5500
1528,16000
1529,7000
1530,12500
1531,10000
1532,18000
1533,28000
1534,12000
1535,13000
1536,50000
1537,7000
1538,30000
1539,10000
1540,15000
1541,7500
1542,45000
1543,65000
1544,12000
1545,7000
1546,9000
1547,23000
1548,30000
1549,8000
1550,16000
1551,7500
1552,20000
1553,110000
1554,30000
1555,20000
1556,84000
1557,17000
1558,15000
1559,6000
1560,16000
1561,9500
1562,8000
1563,15000
1564,12000
1565,10000
1566,16000
1567,11000
1568,11000
1569,20000
1570,24000
1571,14500
1572,4000
1573,12000
1574,8500
1575,9000
1576,180000
1577,10500
1578,12000
1579,32000
1580,15000
1581,21000
1582,12000
1583,7000
1584,15000
1585,11400
1586,15000
1587,19000
1588,27000
1589,48000
1590,7000
1591,15000
1592,10000
1593,7000
1594,9000
1595,8000
1596,35000
1597,16000
1598,4500
1599,16000
1600,10000
1601,8000
1602,6000
1603,13000
1604,10000
1605,55000
1606,15000
1607,12000
1608,9000
1609,36000
1610,37000
1611,6000
1612,17000
1613,8000
1614,7500
1615,9500
1616,13500
1617,9000
1618,7000
1619,12000
1620,100000
1621,12000
1622,8500
1623,18000
1624,11000
1625,18000
1626,17000
1627,6500
1628,11500
1629,22000
1630,13000
1631,20000
1632,10000
1633,15000
1634,8000
1635,12000
1636,20000
1637,20000
1638,8000
1639,11000
1640,40000
1641,10000
1642,30000
1643,8000
1644,15000
1645,12000
1646,12000
1647,20000
1648,13000
1649,17500
1650,8000
1651,8500
1652,7500
1653,22000
1654,6000
1655,32900
1656,15000
1657,10000
1658,10000
1659,21000
1660,63000
1661,6900
1662,14000
1663,14500
1664,6500
1665,13000
1666,8000
1667,18000
1668,20000
1669,14000
1670,50000
1671,14500
1672,15000
1673,11500
1674,15000
1675,12000
1676,18000
1677,15000
1678,12000
1679,25000
1680,150000
1681,10000
1682,8000
1683,40000
1684,12000
1685,16000
1686,23000
1687,25000
1688,7000
1689,17500
1690,10000
1691,39000
1692,22000
1693,18000
1694,23000
1695,20000
1696,10000
1697,15000
1698,17000
1699,56000
1700,43000
1701,25000
1702,9000
1703,31000
1704,6000
1705,5000
1706,16000
1707,20000
1708,28000
1709,18000
1710,12000
1711,20000
1712,25000
1713,35000
1714,7000
1715,7500
1716,14000
1717,20000
1718,380000
1719,21000
1720,15000
1721,5500
1722,10000
1723,7000
1724,11500
1725,22000
1726,19000
1727,15000
1728,10500
1729,12000
1730,7000
1731,15000
1732,23000
1733,6500
1734,29000
1735,12000
1736,10000
1737,12500
1738,32000
1739,8000
1740,10500
1741,6000
1742,16000
1743,45000
1744,6000
1745,5000
1746,14000
1747,20000
1748,11000
1749,5500
1750,55000
1751,15000
1752,8500
1753,15000
1754,12000
1755,7500
1756,16000
1757,20000
1758,14500
1759,6000
1760,14000
1761,7000
1762,27500
1763,18000
1764,10000
1765,31000
1766,15000
1767,11000
1768,4500
1769,10000
1770,10000
1771,9000
1772,16000
1773,5000
1774,10000
1775,15000
1776,3500
1777,16000
1778,17000
1779,30000
1780,12000
1781,9000
1782,6000
1783,20000
1784,30000
1785,20000
1786,15000
1787,20000
1788,25000
1789,9000
1790,17000
1791,16500
1792,7000
1793,30000
1794,8500
1795,8000
1796,20000
1797,30000
1798,120000
1799,7000
1800,10000
1801,5000
1802,30000
1803,6500
1804,10000
1805,18000
1806,30000
1807,20000
1808,16500
1809,15000
1810,130000
1811,15000
1812,70000
1813,22000
1814,9750
1815,23000
1816,12000
1817,60000
1818,11000
1819,12000
1820,11000
1821,19000
1822,10000
1823,7500
1824,55000
1825,11000
1826,50000
1827,13500
1828,16500
1829,120000
1830,7000
1831,10000
1832,7000
1833,18000
1834,11000
1835,9000
1836,60000
1837,3500000
1838,12500
1839,16000
1840,30000
1841,17000
1842,8000
1843,16500
1844,13000
1845,12000
1846,17000
1847,15000
1848,35000
1849,13000
1850,12000
1851,10000
1852,9000
1853,6000
1854,8900
1855,40000
1856,24000
1857,18500
1858,16000
1859,8000
1860,15000
1861,27000
1862,17000
1863,50000
1864,14000
1865,5000
1866,8000
1867,20000
1868,15000
1869,20000
1870,11000
1871,8500
1872,22500
1873,15000
1874,11000
1875,11000
1876,9000
1877,120000
1878,15000
1879,7000
1880,5000
1881,18000
1882,45000
1883,21000
1884,10000
1885,15000
1886,11000
1887,7500
1888,22000
1889,17000
1890,6000
1891,20000
1892,18000
1893,13000
1894,38000
1895,36000
1896,7500
1897,9000
1898,18000
1899,6500
1900,6000
1901,18000
1902,12000
1903,75000
1904,25000
1905,20000
1906,8000
1907,11000
1908,65000
1909,6000
1910,160000
1911,11000
1912,20000
1913,5500
1914,12000
1915,21500
1916,9300
1917,6000
1918,13000
1919,7000
1920,14000
1921,14000
1922,6000
1923,12500
1924,7000
1925,13000
1926,20000
1927,24000
1928,6000
1929,15000
1930,20000
1931,17000
1932,35000
1933,22000
1934,18000
1935,120000
1936,10000
1937,8000
1938,9500
1939,9000
1940,31000
1941,14000
1942,7000
1943,24000
1944,8000
1945,22000
1946,12000
1947,5000
1948,6000
1949,30000
1950,12000
1951,15000
1952,14000
1953,22000
1954,40000
1955,12000
1956,15000
1957,9500
1958,15000
1959,15000
1960,10000
1961,15000
1962,7000
1963,10000
1964,26969
1965,8000
1966,52000
1967,30000
1968,6500
1969,22000
1970,10000
1971,6000
1972,13000
1973,18000
1974,30000
1975,10000
1976,15000
1977,70000
1978,19000
1979,20000
1980,9000
1981,5000
1982,27500
1983,16000
1984,12000
1985,75000
1986,20000
1987,7000
1988,11000
1989,13500
1990,17000
1991,55000
1992,13000
1993,11000
1994,16000
1995,23500
1996,8500
1997,30000
1998,22000
1999,15000
2000,15000
2001,10000
2002,12500
2003,24000
2004,32000
2005,19000
2006,9000
2007,5500
2008,15000
2009,14000
2010,27000
2011,14000
2012,43000
2013,30000
2014,50000
2015,15000
2016,25000
2017,25500
2018,6000
2019,5000
2020,10000
2021,15000
2022,5000
2023,17000
2024,14000
2025,35000
2026,35000
2027,16000
2028,130000
2029,35000
2030,10000
2031,12000
2032,10500
2033,8000
2034,15000
2035,25000
2036,9000
2037,30000
2038,22000
2039,14000
2040,12000
2041,10000
2042,25000
2043,25000
2044,16000
2045,60000
2046,7000
2047,21000
2048,250000
2049,19000
2050,42500
2051,11000
2052,18000
2053,4300
2054,9000
2055,7000
2056,15000
2057,4800
2058,15000
2059,18000
2060,22500
2061,9500
2062,12000
2063,9000
2064,25000
2065,9000
2066,11000
2067,12500
2068,21000
2069,17681
2070,28000
2071,30000
2072,25000
2073,13000
2074,8000
2075,35000
2076,8000
2077,10000
2078,11500
2079,140000
2080,6000
2081,11000
2082,4000
2083,14000
2084,24000
2085,11000
2086,10000
2087,62000
2088,12000
2089,18000
2090,17500
2091,6500
2092,16000
2093,30000
2094,28000
2095,6500
2096,9000
2097,8500
2098,20000
2099,26000
2100,8000
2101,8500
2102,12500
2103,8000
2104,52000
2105,18000
2106,15000
2107,12000
2108,100000
2109,6000
2110,12000
2111,6500
2112,13500
2113,10000
2114,8500
2115,32000
2116,42000
2117,7500
2118,16000
2119,5000
2120,14000
2121,60000
2122,8500
2123,10000
2124,8500
2125,15000
2126,9500
2127,25000
2128,14000
2129,20000
2130,10000
2131,10000
2132,13000
2133,13000
2134,24000
2135,10000
2136,8000
2137,6000
2138,21000
2139,25000
2140,8500
2141,13000
2142,5000
2143,7500
2144,13900
2145,15000
2146,30000
2147,13000
2148,7700
2149,25000
2150,17000
2151,39000
2152,18000
2153,15000
2154,28000
2155,17500
2156,75000
2157,14000
2158,9000
2159,20000
2160,12000
2161,12000
2162,24000
2163,12000
2164,10000
2165,24000
2166,9000
2167,12000
2168,11000
2169,15000
2170,5500
2171,18000
2172,42000
2173,18000
2174,15000
2175,6000
2176,30000
2177,12000
2178,10000
2179,9500
2180,16000
2181,9500
2182,6500
2183,13500
2184,25000
2185,9500
2186,190000
2187,90000
2188,24000
2189,15000
2190,22000
2191,34000
2192,12500
2193,28000
2194,12000
2195,8000
2196,7500
2197,34000
2198,32000
2199,14500
2200,16000
2201,7500
2202,7500
2203,19500
2204,75000
2205,16500
2206,14500
2207,16000
2208,8000
2209,280000
2210,21000
2211,30000
2212,65000
2213,180000
2214,10000
2215,12000
2216,9000
2217,22000
2218,10000
2219,48000
2220,11000
2221,11000
2222,40000
2223,10000
2224,6500
2225,18000
2226,22000
2227,28000
2228,6200
2229,110000
2230,5500
2231,50000
2232,12000
2233,11500
2234,16000
2235,11000
2236,150000
2237,9000
2238,6000
2239,12000
2240,16000
2241,35000
2242,9000
2243,8000
2244,13500
2245,14000
2246,14000
2247,4700
2248,17000
2249,11000
2250,12000
2251,30000
2252,12000
2253,21000
2254,6000
2255,18500
2256,4750
2257,15000
2258,17600
2259,35000
2260,8000
2261,7000
2262,15000
2263,30000
2264,100000
2265,18000
2266,8000
2267,9000
2268,6000
2269,7500
2270,15000
2271,10000
2272,14000
2273,7000
2274,60000
2275,6000
2276,17000
2277,15000
2278,8200
2279,8500
2280,20000
2281,8000
2282,20000
2283,11500
2284,30000
2285,22000
2286,6500
2287,6500
2288,16000
2289,24000
2290,15000
2291,18000
2292,8500
2293,4000
2294,5000
2295,22000
2296,12000
2297,9000
2298,7500
2299,30000
2300,14000
2301,9250
2302,13000
2303,12000
2304,12000
2305,10000
2306,60000
2307,35000
2308,12000
2309,14000
2310,8000
2311,11000
2312,20000
2313,12500
2314,35000
2315,26000
2316,85000
2317,14000
2318,22000
2319,7000
2320,16000
2321,11000
2322,20000
2323,60000
2324,5000
2325,4000
2326,15000
2327,18000
2328,12000
2329,8500
2330,11000
2331,42000
2332,25000
2333,8500
2334,12500
2335,18000
2336,6000
2337,9000
2338,54000
2339,22000
2340,120000
2341,7000
2342,28000
2343,55000
2344,19000
2345,11000
2346,18000
2347,70000
2348,12000
2349,18000
2350,30000
2351,10000
2352,6000
2353,4500
2354,8000
2355,20000
2356,17500
2357,22000
2358,17000
2359,22000
2360,24000
2361,12000
2362,4500
2363,5000
2364,6000
2365,11000
2366,20000
2367,35000
2368,24000
2369,10000
2370,16000
2371,100000
2372,14000
2373,7500
2374,16000
2375,65000
2376,18000
2377,8000
2378,11000
2379,8000
2380,13000
2381,30000
2382,14000
2383,20000
2384,80000
2385,9500
2386,14000
2387,65000
2388,18500
2389,40000
2390,90000
2391,3500
2392,25000
2393,9000
2394,90000
2395,22000
2396,12000
2397,11000
2398,20000
2399,260000
2400,11000
2401,10000
2402,60000
2403,350000
2404,16000
2405,16000
2406,12000
2407,8000
2408,14000
2409,14900
2410,15000
2411,10000
2412,40000
2413,9000
2414,7000
2415,13500
2416,95000
2417,20000
2418,7500
2419,9000
2420,80000
2421,50000
2422,13000
2423,12000
2424,16000
2425,13000
2426,29000
2427,18000
2428,8500
2429,27000
2430,18000
2431,11500
2432,80000
2433,15500
2434,55000
2435,20000
2436,35000
2437,38000
2438,16000
2439,50000
2440,9500
2441,90000
2442,10000
2443,25000
2444,30000
2445,12000
2446,16500
2447,4500
2448,30000
2449,12000
2450,23000
2451,70000
2452,5500
2453,35000
2454,9000
2455,22000
2456,35000
2457,12000
2458,6000
2459,22000
2460,5000
2461,20500
2462,7500
2463,5500
2464,25000
2465,13000
2466,5000
2467,40000
2468,12500
2469,6000
2470,15500
2471,75000
2472,36000
2473,13000
2474,45000
2475,2000
2476,28000
2477,9000
2478,12000
2479,13000
2480,11000
2481,35000
2482,10000
2483,20000
2484,25000
2485,8000
2486,150000
2487,36000
2488,12000
2489,8500
2490,17000
2491,7500
2492,16000
2493,9000
2494,8000
2495,45000
2496,27000
2497,14000
2498,14000
2499,14000
2500,7500
2501,10000
2502,7000
2503,25000
2504,9000
2505,22000
2506,10000
2507,11000
2508,12500
2509,15000
2510,35000
2511,35000
2512,52000
2513,15000
2514,32000
2515,11500
2516,45000
2517,16000
2518,20000
2519,7000
2520,85000
2521,15000
2522,22000
2523,32000
2524,20000
2525,35000
2526,35000
2527,65000
2528,15000
2529,12000
2530,8000
2531,11000
2532,12000
2533,140000
2534,24000
2535,20000
2536,16000
2537,15000
2538,28500
2539,30000
2540,16000
2541,80000
2542,11000
2543,21000
2544,10500
2545,15000
2546,16000
2547,45000
2548,6000
2549,40000
2550,36000
2551,12000
2552,45000
2553,20000
2554,10000
2555,5000
2556,8000
2557,13000
2558,15000
2559,7500
2560,6000
2561,100000
2562,12000
2563,10000
2564,10000
2565,12000
2566,15000
2567,10000
2568,12000
2569,14500
2570,18500
2571,24000
2572,11000
2573,52000
2574,70000
2575,12000
2576,22000
2577,200000
2578,20000
2579,45000
2580,8000
2581,8000
2582,9500
2583,25000
2584,12000
2585,24000
2586,27000
2587,18000
2588,17000
2589,15000
2590,13000
2591,70000
2592,14000
2593,32000
2594,4000
2595,100000
2596,20000
2597,30000
2598,150000
2599,19500
2600,18000
2601,25000
2602,18000
2603,10000
2604,12000
2605,25000
2606,40000
2607,30000
2608,29000
2609,35000
2610,21000
2611,31000
2612,8000
2613,15500
2614,32000
2615,30000
2616,42000
2617,20500
2618,60000
2619,95000
2620,16000
2621,8500
2622,14000
2623,140000
2624,8000
2625,12500
2626,14000
2627,6000
2628,10000
2629,15000
2630,8000
2631,10000
2632,8500
2633,25000
2634,13000
2635,6000
2636,7000
2637,22000
2638,40000
2639,22000
2640,4500
2641,15000
2642,130000
2643,23000
2644,45000
2645,15000
2646,13000
2647,10000
2648,10000
2649,6500
2650,7000
2651,7000
2652,17401
2653,5500
2654,20000
2655,7000
2656,190000
2657,13000
2658,60000
2659,17000
2660,16000
2661,9500
2662,5000
2663,27000
2664,29000
2665,29000
2666,37000
2667,36000
2668,35000
2669,42000
2670,37000
2671,30000
2672,20000
2673,8500
2674,11000
2675,14000
2676,55000
2677,25000
2678,20500
2679,28000
2680,5000
2681,35000
2682,30000
2683,10000
2684,11000
2685,17000
2686,35000
2687,30000
2688,30000
2689,13000
2690,13000
2691,11000
2692,13000
2693,33000
2694,25000
2695,70000
2696,30000
2697,9000
2698,14500
2699,50000
2700,20000
2701,15000
2702,7500
2703,13500
2704,14000
2705,18000
2706,14000
2707,65000
2708,22000
2709,4000
2710,10000
2711,7500
2712,17000
2713,18000
2714,70000
2715,10000
2716,15000
2717,16500
2718,100000
2719,7500
2720,6000
2721,18000
2722,18000
2723,8000
2724,14000
2725,11000
2726,25000
2727,9000
2728,47000
2729,20000
2730,6000
2731,5000
2732,20000
2733,10000
2734,15000
2735,13500
2736,5500
2737,14000
2738,18000
2739,20000
2740,9300
2741,80000
2742,7500
2743,30000
2744,13000
2745,8500
2746,44300
2747,45000
2748,30000
2749,40000
2750,530000
2751,12000
2752,13500
2753,30000
2754,9500
2755,200000
2756,30000
2757,9000
2758,13000
2759,7000
2760,18000
2761,3500
2762,65000
2763,19000
2764,23000
2765,12000
2766,15000
2767,38000
2768,50000
2769,6500
2770,35000
2771,15000
2772,30000
2773,10000
2774,18000
2775,30000
2776,16000
2777,22000
2778,9000
2779,20200
2780,19500
2781,21000
2782,20000
2783,13000
2784,6500
2785,25000
2786,20000
2787,33000
2788,18000
2789,13000
2790,10000
2791,10000
2792,23000
2793,20000
2794,150000
2795,25000
2796,21000
2797,30000
2798,22000
2799,14000
2800,7000
2801,18500
2802,8500
2803,8000
2804,10000
2805,15000
2806,37000
2807,90000
2808,12000
2809,13000
2810,22000
2811,4000
2812,12000
2813,9000
2814,14000
2815,15000
2816,12500
2817,30000
2818,9500
2819,15000
2820,12000
2821,8000
2822,70000
2823,250000
2824,31500
2825,30000
2826,60000
2827,35000
2828,55000
2829,20000
2830,6500
2831,17000
2832,9300
2833,7500
2834,20000
2835,18000
2836,15000
2837,13000
2838,20000
2839,12000
2840,40000
2841,8000
2842,95000
2843,68000
2844,18000
2845,130000
2846,150000
2847,75000
2848,110000
2849,150000
2850,10000
2851,24000
2852,28000
2853,28000
2854,18000
2855,27000
2856,17000
2857,350000
2858,25000
2859,16500
2860,14000
2861,18000
2862,10000
2863,10000
2864,100000
2865,25000
2866,22999
2867,6000
2868,40000
2869,250000
2870,13000
2871,14000
2872,20000
2873,5500
2874,32000
2875,8000
2876,25000
2877,28000
2878,22000
2879,21000
2880,30000
2881,12000
2882,15000
2883,18000
2884,18000
2885,10000
2886,16000
2887,20000
2888,28000
2889,7000
2890,30000
2891,15000
2892,8000
2893,9000
2894,33500
2895,9500
2896,10000
2897,20000
2898,10000
2899,15000
2900,55000
2901,20000
2902,16000
2903,23000
2904,150000
2905,25000
2906,9000
2907,11000
2908,11500
2909,16000
2910,23000
2911,30000
2912,110000
2913,3500
2914,12100
2915,19000
2916,40000
2917,8000
2918,42000
2919,13000
2920,44000
2921,11000
2922,40000
2923,150000
2924,13000
2925,17500
2926,14500
2927,24000
2928,30000
2929,10000
2930,10000
2931,90000
2932,280000
2933,32000
2934,80000
2935,5500
2936,6000
2937,30000
2938,42000
2939,5500
2940,7000
2941,10000
2942,17000
2943,18000
2944,14000
2945,17000
2946,27000
2947,25000
2948,23000
2949,24500
2950,10000
2951,35000
2952,27000
2953,7000
2954,5000
2955,5000
2956,12000
2957,30000
2958,25000
2959,6000
2960,45000
2961,40000
2962,8500
2963,16500
2964,100000
2965,52000
2966,12500
2967,14000
2968,15000
2969,5000
2970,40000
2971,17000
2972,15000
2973,6000
2974,85000
2975,18000
2976,7500
2977,10000
2978,9000
2979,24000
2980,12000
2981,10500
2982,31000
2983,9000
2984,9000
2985,27000
2986,12500
2987,15000
2988,6500
2989,90000
2990,200000
2991,15000
2992,15000
2993,7600
2994,29000
2995,20000
2996,12000
2997,10500
2998,29000
2999,26000
3000,25000
3001,10000
3002,14000
3003,6000
3004,40000
3005,23000
3006,10000
3007,10000
3008,15000
3009,11000
3010,20000
3011,15000
3012,22000
3013,6000
3014,20000
3015,6500
3016,12000
3017,27000
3018,15000
3019,20000
3020,22000
3021,7000
3022,7000
3023,6500
3024,9000
3025,4500
3026,12000
3027,18000
3028,8000
3029,5000
3030,14000
3031,6500
3032,10000
3033,13000
3034,11200
3035,8900
3036,12000
3037,45000
3038,35000
3039,34999
3040,11000
3041,150000
3042,15000
3043,15000
3044,10000
3045,12000
3046,10000
3047,35000
3048,40000
3049,24000
3050,12000
3051,30000
3052,10000
3053,15000
3054,33000
3055,9000
3056,30000
3057,13000
3058,15000
3059,12000
3060,20000
3061,36000
3062,10000
3063,16000
3064,6000
3065,22000
3066,6000
3067,6500
3068,3000
3069,27000
3070,8000
3071,12500
3072,11000
3073,40000
3074,15000
3075,8000
3076,34000
3077,7500
3078,14000
3079,15000
3080,21000
3081,12000
3082,75000
3083,15000
3084,6000
3085,20500
3086,13500
3087,10000
3088,15000
3089,11000
3090,12000
3091,15000
3092,20000
3093,24000
3094,16000
3095,10000
3096,30000
3097,26000
3098,10000
3099,15000
3100,9000
3101,9000
3102,15000
3103,12000
3104,20000
3105,15000
3106,8000
3107,13000
3108,6800
3109,9000
3110,14000
3111,55000
3112,50000
3113,8000
3114,16000
3115,15000
3116,15000
3117,15000
3118,75000
3119,9000
3120,6500
3121,17000
3122,49000
3123,15000
3124,25000
3125,40000
3126,8000
3127,17500
3128,11000
3129,8500
3130,11000
3131,12500
3132,90000
3133,14000
3134,150000
3135,25000
3136,18000
3137,17000
3138,8500
3139,15000
3140,22000
3141,15000
3142,10000
3143,5000
3144,10000
3145,15000
3146,34500
3147,8000
3148,330000
3149,22000
3150,13000
3151,6500
3152,18000
3153,30000
3154,8500
3155,20000
3156,12000
3157,18000
3158,19000
3159,12000
3160,16000
3161,5700
3162,15000
3163,11000
3164,17000
3165,18000
3166,9500
3167,12000
3168,8000
3169,12000
3170,16000
3171,8000
3172,10000
3173,15000
3174,7500
3175,30000
3176,16000
3177,14000
3178,10000
3179,25000
3180,11500
3181,11000
3182,10000
3183,7000
3184,18000
3185,7500
3186,7500
3187,12000
3188,12000
3189,40000
3190,5000
3191,20000
3192,6500
3193,12000
3194,12000
3195,14000
3196,13000
3197,9000
3198,10000
3199,15000
3200,15000
3201,19000
3202,15000
3203,16000
3204,12000
3205,11000
3206,8000
3207,10000
3208,70000
3209,45000
3210,60000
3211,12000
3212,80000
3213,23999
3214,23000
3215,16000
3216,14000
3217,13000
3218,14000
3219,7000
3220,3500
3221,12000
3222,8000
3223,25000
3224,12000
3225,7000
3226,20000
3227,18000
3228,15000
3229,11000
3230,65000
3231,75000
3232,15000
3233,12000
3234,8500
3235,38000
3236,30000
3237,9000
3238,25000
3239,9000
3240,8500
3241,7000
3242,25000
3243,8500
3244,6500
3245,7000
3246,4500
3247,22000
3248,10000
3249,16000
3250,85000
3251,15000
3252,25000
3253,9000
3254,20000
3255,15000
3256,9000
3257,14000
3258,15000
3259,14000
3260,8000
3261,13500
3262,12000
3263,7500
3264,20000
3265,11000
3266,11000
3267,17500
3268,8000
3269,25000
3270,12000
3271,5250
3272,25000
3273,14000
3274,24000
3275,35000
3276,8000
3277,16000
3278,28000
3279,16000
3280,13000
3281,35000
3282,11000
3283,5000
3284,23000
3285,11000
3286,25000
3287,4500
3288,100000
3289,47500
3290,7500
3291,16500
3292,18000
3293,7000
3294,8000
3295,10000
3296,7000
3297,35000
3298,100000
3299,13000
3300,10000
3301,14000
3302,46000
3303,65000
3304,9000
3305,13500
3306,29000
3307,23999
3308,26000
3309,8200
3310,15000
3311,10000
3312,20000
3313,15000
3314,14000
3315,11000
3316,6500
3317,26000
3318,7500
3319,14500
3320,280000
3321,12000
3322,45000
3323,22000
3324,7000
3325,7000
3326,45000
3327,20000
3328,14000
3329,18000
3330,20000
3331,10000
3332,25000
3333,18000
3334,5000
3335,12000
3336,13000
3337,30000
3338,9000
3339,12000
3340,30000
3341,20000
3342,12000
3343,9500
3344,22000
3345,23000
3346,9500
3347,13500
3348,12000
3349,33000
3350,33000
3351,18999
3352,18000
3353,8500
3354,20000
3355,9000
3356,7000
3357,53000
3358,14000
3359,21000
3360,16000
3361,26000
3362,20000
3363,25000
3364,10000
3365,11500
3366,15000
3367,4200
3368,9500
3369,8000
3370,16000
3371,12000
3372,12000
3373,12000
3374,13000
3375,15723
3376,6000
3377,10000
3378,3000
3379,7500
3380,18000
3381,16500
3382,35000
3383,15000
3384,7000
3385,38000
3386,20000
3387,7500
3388,12500
3389,16000
3390,16000
3391,8500
3392,30000
3393,16000
3394,5700
3395,18000
3396,15000
3397,7500
3398,9000
3399,13000
3400,25000
3401,130000
3402,13000
3403,20000
3404,18000
3405,8000
3406,16000
3407,18000
3408,19000
3409,7500
3410,15000
3411,19000
3412,10000
3413,45000
3414,20000
3415,7500
3416,14000
3417,5000
3418,20000
3419,15000
3420,75000
3421,30000
3422,30000
3423,12500
3424,24000
3425,10000
3426,12000
3427,45000
3428,10500
3429,6250
3430,6000
3431,7500
3432,6300
3433,7000
3434,14000
3435,10000
3436,30000
3437,16000
3438,22000
3439,14000
3440,18000
3441,10500
3442,6000
3443,20000
3444,90000
3445,13500
3446,7000
3447,12500
3448,15000
3449,14000
3450,28000
3451,9500
3452,16000
3453,120000
3454,20000
3455,21000
3456,22000
3457,120000
3458,15000
3459,5000
3460,15000
3461,19000
3462,37500
3463,8000
3464,45000
3465,5000
3466,30000
3467,17000
3468,15000
3469,3500
3470,25000
3471,17000
3472,50000
3473,22000
3474,12000
3475,10000
3476,10000
3477,26000
3478,9000
3479,12000
3480,8500
3481,7000
3482,12000
3483,12000
3484,26000
3485,13000
3486,30000
3487,30000
3488,12000
3489,10000
3490,13000
3491,13000
3492,40000
3493,25000
3494,8000
3495,6000
3496,17000
3497,17000
3498,15000
3499,8500
3500,8500
3501,11000
3502,60000
3503,18000
3504,70000
3505,10000
3506,20000
3507,16000
3508,10000
3509,100000
3510,7000
3511,17000
3512,17000
3513,39000
3514,6500
3515,15000
3516,17000
3517,6800
3518,110000
3519,8500
3520,65000
3521,7500
3522,10000
3523,34000
3524,17000
3525,23000
3526,17000
3527,8500
3528,10000
3529,8000
3530,30000
3531,15000
3532,25000
3533,16500
3534,40000
3535,15000
3536,12000
3537,35000
3538,8000
3539,11000
3540,20000
3541,17000
3542,9000
3543,16500
3544,12000
3545,12500
3546,25000
3547,15000
3548,14000
3549,72000
3550,10000
3551,17000
3552,12000
3553,72000
3554,26000
3555,10500
3556,15000
3557,8500
3558,10000
3559,10000
3560,25000
3561,10000
3562,13000
3563,16000
3564,5000
3565,9500
3566,18000
3567,24000
3568,6166
3569,20000
3570,13000
3571,8000
3572,18000
3573,20000
3574,14000
3575,15000
3576,25000
3577,26000
3578,9000
3579,15000
3580,15000
3581,130000
3582,7500
3583,9500
3584,60000
3585,7000
3586,23000
3587,18000
3588,18000
3589,6000
3590,13000
3591,15000
3592,10000
3593,22000
3594,10000
3595,6500
3596,7000
3597,18000
3598,7000
3599,22000
3600,7000
3601,15000
3602,8000
3603,7000
3604,9000
3605,9800
3606,14500
3607,15000
3608,22000
3609,9000
3610,18000
3611,8500
3612,6500
3613,40000
3614,17000
3615,12000
3616,30000
3617,4000
3618,14000
3619,25000
3620,8000
3621,12500
3622,100000
3623,14000
3624,7500
3625,17500
3626,27000
3627,16500
3628,12000
3629,45000
3630,15000
3631,14000
3632,17000
3633,34999
3634,7000
3635,10500
3636,15000
3637,10000
3638,7000
3639,200000
3640,12000
3641,10000
3642,15000
3643,19000
3644,25000
3645,10000
3646,13000
3647,12500
3648,10000
3649,16000
3650,11000
3651,13000
3652,15000
3653,15000
3654,20000
3655,12000
3656,600000
3657,11000
3658,10000
3659,30000
3660,8000
3661,7000
3662,10000
3663,9300
3664,10500
3665,16000
3666,20000
3667,9000
3668,18000
3669,10000
3670,16000
3671,13500
3672,16000
3673,8500
3674,15000
3675,8200
3676,20000
3677,9000
3678,13500
3679,26000
3680,11000
3681,18000
3682,10000
3683,40000
3684,24000
3685,18000
3686,11000
3687,23000
3688,11000
3689,8000
3690,15000
3691,9500
3692,13500
3693,11000
3694,13000
3695,25000
3696,12000
3697,25000
3698,8500
3699,8500
3700,5000
3701,8500
3702,100000
3703,7500
3704,7000
3705,26000
3706,12000
3707,18000
3708,13000
3709,160000
3710,8000
3711,6000
3712,12500
3713,6500
3714,10000
3715,12500
3716,22000
3717,17000
3718,20000
3719,22000
3720,11500
3721,23000
3722,19000
3723,45000
3724,17000
3725,9500
3726,45000
3727,60000
3728,12000
3729,40000
3730,16000
3731,9000
3732,35000
3733,4000
3734,11000
3735,9500
3736,25000
3737,10000
3738,12000
3739,19397
3740,12000
3741,10000
3742,20000
3743,15000
3744,28000
3745,10000
3746,3500
3747,8000
3748,13500
3749,36000
3750,15000
3751,5000
3752,10000
3753,10000
3754,8500
3755,11000
3756,8000
3757,12000
3758,5000
3759,7000
3760,15000
3761,10000
3762,37500
3763,7000
3764,6500
3765,16000
3766,34000
3767,11500
3768,15000
3769,8000
3770,220000
3771,22000
3772,85000
3773,6000
3774,14000
3775,11500
3776,6000
3777,24000
3778,32000
3779,16000
3780,13000
3781,14000
3782,7500
3783,10000
3784,18500
3785,12000
3786,17000
3787,35000
3788,9000
3789,13000
3790,27999
3791,11000
3792,140000
3793,12000
3794,13000
3795,250000
3796,80000
3797,22999
3798,36000
3799,70000
3800,12500
3801,18000
3802,10000
3803,18000
3804,37000
3805,18000
3806,25000
3807,10000
3808,15000
3809,15000
3810,9000
3811,14000
3812,8500
3813,35000
3814,10000
3815,5000
3816,23000
3817,15000
3818,18500
3819,28000
3820,32000
3821,14000
3822,7000
3823,33000
3824,100000
3825,18000
3826,16000
3827,8500
3828,10000
3829,13500
3830,19000
3831,11500
3832,22000
3833,12000
3834,10000
3835,15000
3836,35000
3837,70000
3838,32000
3839,35000
3840,10000
3841,11000
3842,12000
3843,40000
3844,8000
3845,20000
3846,12000
3847,15000
3848,27000
3849,13000
3850,9000
3851,25000
3852,12000
3853,18000
3854,9500
3855,14000
3856,40000
3857,70000
3858,15000
3859,8500
3860,27500
3861,15000
3862,5000
3863,26000
3864,14000
3865,20000
3866,12000
3867,17000
3868,75000
3869,19500
3870,10000
3871,32000
3872,15000
3873,28000
3874,10677
3875,50000
3876,32500
3877,23000
3878,75000
3879,250000
3880,10000
3881,60000
3882,12000
3883,48000
3884,58000
3885,14000
3886,7000
3887,13000
3888,11000
3889,9500
3890,7500
3891,14000
3892,16000
3893,18000
3894,8200
3895,12000
3896,10000
3897,13000
3898,22000
3899,10500
3900,11000
3901,20000
3902,14000
3903,12500
3904,10500
3905,30000
3906,11000
3907,9000
3908,35000
3909,23382
3910,9500
3911,9000
3912,60000
3913,11000
3914,11000
3915,11000
3916,8000
3917,9000
3918,8000
3919,5500
3920,12000
3921,25000
3922,23000
3923,12000
3924,6500
3925,9000
3926,25000
3927,12500
3928,45000
3929,27000
3930,75000
3931,9000
3932,12000
3933,24000
3934,15000
3935,24000
3936,12000
3937,27000
3938,30000
3939,20000
3940,22000
3941,25000
3942,23000
3943,12000
3944,18000
3945,55000
3946,5000
3947,13000
3948,9000
3949,7000
3950,28000
3951,15000
3952,14000
3953,45000
3954,12000
3955,12500
3956,13000
3957,9500
3958,35000
3959,4000
3960,8000
3961,12500
3962,65000
3963,13000
3964,12500
3965,45000
3966,6000
3967,50000
3968,40000
3969,30000
3970,7000
3971,25000
3972,9000
3973,16000
3974,10500
3975,100000
3976,9000
3977,11000
3978,24000
3979,12000
3980,20000
3981,24000
3982,12000
3983,12000
3984,10000
3985,45000
3986,22000
3987,6500
3988,40000
3989,300000
3990,4000
3991,12000
3992,27000
3993,10000
3994,10000
3995,10000
3996,18000
3997,14500
3998,9000
3999,14000
4000,18000
4001,9500
4002,49000
4003,9000
4004,130000
4005,8000
4006,13000
4007,18000
4008,18000
4009,32000
4010,15000
4011,35000
4012,6000
4013,9000
4014,9500
4015,12500
4016,25000
4017,15000
4018,38000
4019,20000
4020,15000
4021,130000
4022,27000
4023,16000
4024,13000
4025,10000
4026,10000
4027,17000
4028,12500
4029,25000
4030,35000
4031,12000
4032,12000
4033,15000
4034,45000
4035,20000
4036,15000
4037,10000
4038,15000
4039,19800
4040,8500
4041,130000
4042,8500
4043,4500
4044,9000
4045,13000
4046,18000
4047,26000
4048,17000
4049,9000
4050,8000
4051,10000
4052,12000
4053,14000
4054,25000
4055,22000
4056,45000
4057,20000
4058,16000
4059,35000
4060,15000
4061,5500
4062,35000
4063,14000
4064,25000
4065,36000
4066,20000
4067,30000
4068,12000
4069,16000
4070,13000
4071,22000
4072,15000
4073,14000
4074,8000
4075,57000
4076,1200
4077,8000
4078,15000
4079,17000
4080,12000
4081,25000
4082,13000
4083,35000
4084,6500
4085,11000
4086,25000
4087,35000
4088,27000
4089,18000
4090,20000
4091,8500
4092,14000
4093,35000
4094,16000
4095,20000
4096,18000
4097,140000
4098,10000
4099,12000
4100,5300
4101,11000
4102,12000
4103,12000
4104,20000
4105,13000
4106,22000
4107,15000
4108,5400
4109,16500
4110,12000
4111,8500
4112,14000
4113,15000
4114,6000
4115,14000
4116,15000
4117,37000
4118,6500
4119,10000
4120,12000
4121,12000
4122,9000
4123,60000
4124,18000
4125,14000
4126,50000
4127,17000
4128,9000
4129,80000
4130,7500
4131,14000
4132,14000
4133,10000
4134,17000
4135,6500
4136,10000
4137,22000
4138,15000
4139,12000
4140,52000
4141,6500
4142,20000
4143,25000
4144,14000
4145,25000
4146,12500
4147,12000
4148,10000
4149,17000
4150,15500
4151,65000
4152,60000
4153,45000
4154,10500
4155,9000
4156,20000
4157,20000
4158,18000
4159,12000
4160,12000
4161,120000
4162,28000
4163,6000
4164,12500
4165,31000
4166,7000
4167,22000
4168,17500
4169,14000
4170,9500
4171,7000
4172,15000
4173,15000
4174,10000
4175,14000
4176,85000
4177,5500
4178,14000
4179,10000
4180,10000
4181,13000
4182,20000
4183,25000
4184,7500
4185,200000
4186,12000
4187,9500
4188,12000
4189,10000
4190,8000
4191,16000
4192,12333
4193,9500
4194,16000
4195,20000
4196,14000
4197,7500
4198,13900
4199,5500
4200,9000
4201,4700
4202,30000
4203,16500
4204,24000
4205,9500
4206,12000
4207,15000
4208,22500
4209,32000
4210,10000
4211,13000
4212,7000
4213,12000
4214,7500
4215,15000
4216,8000
4217,25000
4218,26000
4219,15000
4220,3000
4221,12500
4222,42000
4223,20000
4224,40000
4225,45000
4226,8500
4227,15000
4228,9000
4229,14000
4230,11000
4231,10000
4232,55000
4233,10000
4234,25000
4235,27000
4236,12000
4237,16000
4238,8000
4239,14000
4240,10000
4241,150000
4242,16000
4243,6000
4244,26000
4245,13000
4246,28000
4247,8500
4248,12500
4249,25000
4250,10000
4251,12000
4252,15000
4253,6000
4254,30000
4255,18000
4256,8500
4257,7500
4258,12000
4259,15000
4260,15500
4261,20000
4262,11000
4263,15000
4264,17000
4265,20000
4266,20000
4267,12000
4268,25000
4269,11500
4270,6500
4271,10000
4272,6000
4273,14000
4274,34000
4275,15000
4276,20000
4277,9500
4278,10000
4279,30000
4280,13000
4281,45000
4282,8000
4283,25000
4284,12000
4285,19000
4286,22000
4287,15000
4288,15000
4289,10000
4290,10000
4291,7000
4292,15000
4293,9500
4294,6500
4295,10000
4296,8000
4297,3300
4298,12000
4299,20000
4300,12000
4301,20000
4302,70000
4303,10000
4304,8500
4305,8000
4306,8000
4307,13000
4308,15500
4309,30000
4310,10000
4311,18000
4312,12000
4313,9000
4314,6000
4315,32000
4316,36000
4317,17000
4318,20000
4319,9000
4320,9500
4321,7000
4322,17000
4323,19500
4324,25000
4325,14000
4326,16000
4327,15000
4328,13000
4329,12000
4330,12000
4331,7500
4332,13000
4333,52000
4334,22000
4335,18000
4336,7000
4337,16500
4338,13000
4339,6000
4340,6000
4341,21000
4342,10000
4343,12000
4344,30000
4345,15000
4346,10000
4347,9000
4348,10000
4349,8000
4350,60000
4351,8000
4352,8500
4353,7500
4354,5000
4355,30000
4356,7500
4357,12000
4358,15500
4359,26000
4360,8000
4361,12000
4362,15000
4363,10000
4364,20000
4365,12500
4366,18000
4367,21000
4368,95000
4369,26000
4370,53000
4371,13000
4372,12000
4373,28000
4374,57000
4375,10000
4376,21467
4377,32000
4378,7000
4379,30000
4380,40000
4381,9000
4382,15000
4383,18000
4384,25000
4385,8500
4386,20000
4387,12000
4388,12500
4389,25000
4390,10000
4391,18000
4392,12000
4393,13000
4394,13000
4395,25000
4396,9000
4397,10000
4398,15000
4399,20000
4400,13500
4401,21000
4402,10000
4403,10000
4404,10000
4405,24000
4406,13000
4407,8000
4408,55000
4409,50000
4410,32000
4411,22000
4412,8500
4413,12000
4414,15000
4415,3000
4416,52000
4417,9500
4418,46000
4419,12000
4420,8000
4421,9000
4422,10000
4423,39000
4424,9000
4425,120000
4426,25000
4427,14000
4428,6000
4429,15000
4430,8000
4431,6000
4432,10000
4433,35000
4434,16000
4435,14000
4436,10000
4437,7000
4438,8000
4439,22000
4440,12000
4441,10000
4442,15000
4443,6500
4444,25000
4445,12000
4446,9000
4447,7000
4448,20000
4449,9000
4450,30000
4451,15500
4452,10500
4453,16000
4454,6000
4455,15000
4456,21000
4457,400000
4458,9000
4459,30000
4460,6500
4461,6000
4462,45000
4463,15000
4464,16000
4465,22000
4466,12000
4467,13000
4468,10000
4469,15000
4470,15000
4471,9000
4472,20000
4473,6500
4474,45000
4475,42000
4476,12000
4477,24000
4478,16000
4479,20000
4480,15000
4481,15000
4482,8000
4483,6500
4484,22000
4485,6200
4486,9000
4487,9000
4488,15000
4489,15000
4490,15000
4491,6800
4492,5000
4493,12000
4494,12000
4495,12000
4496,18000
4497,25000
4498,15000
4499,23000
4500,10500
4501,37000
4502,16000
4503,25000
4504,14000
4505,10000
4506,12500
4507,15000
4508,35000
4509,30000
4510,8000
4511,7000
4512,5500
4513,5000
4514,8500
4515,8000
4516,16000
4517,7500
4518,35000
4519,8000
4520,45000
4521,9000
4522,60000
4523,70000
4524,9000
4525,11000
4526,5800
4527,9000
4528,18000
4529,45000
4530,55000
4531,9500
4532,35000
4533,7500
4534,25000
4535,12500
4536,22000
4537,7500
4538,42000
4539,8000
4540,20000
4541,19000
4542,14000
4543,200000
4544,18500
4545,38000
4546,67000
4547,5000
4548,25000
4549,7000
4550,10000
4551,25000
4552,11000
4553,17000
4554,47000
4555,10000
4556,7500
4557,10000
4558,11000
4559,21000
4560,15000
4561,7500
4562,6500
4563,7500
4564,15000
4565,11000
4566,23000
4567,11000
4568,8000
4569,13000
4570,17000
4571,16000
4572,12000
4573,20000
4574,18000
4575,50000
4576,23000
4577,16500
4578,25000
4579,13000
4580,12000
4581,37000
4582,6500
4583,13000
4584,17500
4585,15000
4586,4000
4587,15000
4588,9000
4589,13000
4590,25000
4591,37000
4592,25000
4593,13000
4594,20000
4595,37000
4596,40000
4597,45000
4598,44000
4599,15000
4600,37000
4601,12000
4602,8000
4603,30000
4604,12000
4605,6000
4606,9500
4607,10000
4608,16000
4609,20000
4610,10000
4611,13000
4612,17000
4613,15000
4614,10000
4615,25000
4616,15000
4617,11000
4618,7500
4619,15000
4620,7500
4621,11000
4622,15000
4623,9500
4624,5000
4625,20000
4626,8500
4627,9000
4628,15000
4629,20000
4630,11500
4631,13000
4632,11000
4633,6000
4634,15000
4635,45000
4636,5000
4637,6000
4638,8000
4639,15000
4640,10000
4641,9000
4642,16000
4643,16000
4644,45000
4645,12000
4646,14500
4647,8000
4648,80000
4649,15000
4650,15500
4651,8000
4652,7500
4653,15000
4654,5000
4655,10000
4656,16000
4657,15000
4658,6000
4659,32000
4660,22000
4661,9000
4662,12000
4663,16000
4664,13000
4665,20000
4666,9000
4667,11000
4668,12500
4669,140000
4670,65000
4671,60000
4672,26000
4673,8000
4674,14000
4675,15000
4676,15000
4677,7000
4678,16000
4679,17000
4680,18000
4681,20000
4682,18000
4683,19000
4684,7000
4685,10000
4686,9000
4687,30000
4688,20000
4689,6500
4690,9000
4691,20000
4692,8000
4693,22000
4694,17000
4695,7000
4696,30000
4697,12000
4698,53000
4699,11000
4700,7500
4701,7500
4702,12000
4703,12000
4704,10500
4705,6000
4706,4500
4707,25000
4708,13000
4709,6000
4710,12500
4711,26000
4712,60000
4713,35000
4714,16000
4715,12000
4716,110000
4717,20000
4718,12000
4719,25000
4720,17000
4721,5500
4722,8000
4723,17000
4724,15000
4725,9000
4726,16000
4727,30000
4728,30000
4729,13000
4730,8000
4731,13000
4732,7000
4733,5000
4734,18000
4735,35000
4736,15000
4737,15000
4738,17000
4739,25000
4740,12000
4741,15000
4742,29000
4743,35000
4744,45000
4745,15000
